Chr,Start,End,Ref,Alt,Func.refGene,Gene.refGene,GeneDetail.refGene,ExonicFunc.refGene,AAChange.refGene,cytoBand,genomicSuperDups,esp6500siv2_all,1000g2015aug_all,1000g2015aug_eur,ExAC_ALL,ExAC_AFR,ExAC_AMR,ExAC_EAS,ExAC_FIN,ExAC_NFE,ExAC_OTH,ExAC_SAS,avsnp147,SIFT_score,SIFT_pred,Polyphen2_HDIV_score,Polyphen2_HDIV_pred,Polyphen2_HVAR_score,Polyphen2_HVAR_pred,LRT_score,LRT_pred,MutationTaster_score,MutationTaster_pred,MutationAssessor_score,MutationAssessor_pred,FATHMM_score,FATHMM_pred,PROVEAN_score,PROVEAN_pred,VEST3_score,CADD_raw,CADD_phred,DANN_score,fathmm-MKL_coding_score,fathmm-MKL_coding_pred,MetaSVM_score,MetaSVM_pred,MetaLR_score,MetaLR_pred,integrated_fitCons_score,integrated_confidence_value,GERP++_RS,phyloP7way_vertebrate,phyloP20way_mammalian,phastCons7way_vertebrate,phastCons20way_mammalian,SiPhy_29way_logOdds
1,948921,948921,T,C,"UTR5","ISG15","NM_005101:c.-33T>C",.,.,"1p36.33",.,"0.8858","0.903155","0.9573",0.9416,0.7386,0.9632,0.9998,0.9681,0.9543,0.9410,0.9617,"rs15842",.,.,.,.,.,.,.,.,.,.,.,.,.,.,.,.,.,.,.,.,.,.,.,.,.,.,.,.,.,.,.,.,.,.
1,1404001,1404001,G,T,"UTR3","ATAD3C","NM_001039211:c.*91G>T",.,.,"1p36.33","Score=0.905283;Name=chr1:1439902","0.0279","0.0676917","0.0388",0.0646,0.0318,0.1525,0.1359,0.0874,0.0344,0.0783,0.0844,"rs149123833",.,.,.,.,.,.,.,.,.,.,.,.,.,.,.,.,.,.,.,.,.,.,.,.,.,.,.,.,.,.,.,.,.,.
1,5935162,5935162,A,T,"splicing","NPHP4","NM_001291594:exon17:c.1282-2T>A;NM_015102:exon21:c.2818-2T>A;NM_001291593:exon18:c.1279-2T>A",.,.,"1p36.31",.,"0.8431","0.843251","0.8111",0.8362,0.8949,0.7944,0.8179,0.9195,0.8304,0.8247,0.8305,"rs1287637",.,.,.,.,.,.,.,.,.,.,.,.,.,.,.,.,.,.,.,.,.,.,.,.,.,.,.,.,.,.,.,.,.,.
1,162736463,162736463,C,T,"intronic","DDR2",.,.,.,"1q23.3",.,.,"0.620607","0.8529",.,.,.,.,.,.,.,.,"rs1000050",.,.,.,.,.,.,.,.,.,.,.,.,.,.,.,.,.,.,.,.,.,.,.,.,.,.,.,.,.,.,.,.,.,.
1,84875173,84875173,C,T,"intronic","DNASE2B",.,.,.,"1p31.1",.,.,"0.548922","0.5239",.,.,.,.,.,.,.,.,"rs6576700",.,.,.,.,.,.,.,.,.,.,.,.,.,.,.,.,.,.,.,.,.,.,.,.,.,.,.,.,.,.,.,.,.,.
1,13211293,13211294,TC,-,"intergenic","PRAMEF36P;PRAMEF18","dist=11566;dist=116902",.,.,"1p36.21","Score=0.99612;Name=chr1:13142561",.,.,.,.,.,.,.,.,.,.,.,.,.,.,.,.,.,.,.,.,.,.,.,.,.,.,.,.,.,.,.,.,.,.,.,.,.,.,.,.,.,.,.,.,.,.
1,11403596,11403596,-,AT,"intergenic","UBIAD1;PTCHD2","dist=55105;dist=135699",.,.,"1p36.22",.,.,.,.,.,.,.,.,.,.,.,.,.,.,.,.,.,.,.,.,.,.,.,.,.,.,.,.,.,.,.,.,.,.,.,.,.,.,.,.,.,.,.,.,.,.,.
1,105492231,105492231,A,ATAAA,"intergenic","LOC100129138;LOC101928476","dist=872538;dist=640085",.,.,"1p21.1",.,.,.,.,.,.,.,.,.,.,.,.,.,.,.,.,.,.,.,.,.,.,.,.,.,.,.,.,.,.,.,.,.,.,.,.,.,.,.,.,.,.,.,.,.,.,.
1,67705958,67705958,G,A,"exonic","IL23R",.,"nonsynonymous SNV","IL23R:NM_144701:exon9:c.G1142A:p.R381Q","1p31.3",.,"0.0469","0.0227636","0.0616",0.0422,0.0124,0.0321,0.0005,0.0555,0.0594,0.0541,0.0151,"rs11209026",0.0,D,1.0,D,0.999,D,0.000,D,1,D,1.935,M,0.71,T,-1.16,N,0.655,6.621,32,0.999,0.804,D,-0.599,T,0.275,T,0.554,0,5.19,0.897,1.047,0.946,0.935,14.412
2,234183368,234183368,A,G,"exonic","ATG16L1",.,"nonsynonymous SNV","ATG16L1:NM_198890:exon5:c.A409G:p.T137A;ATG16L1:NM_017974:exon8:c.A841G:p.T281A;ATG16L1:NM_001190266:exon9:c.A646G:p.T216A;ATG16L1:NM_001190267:exon9:c.A550G:p.T184A;ATG16L1:NM_030803:exon9:c.A898G:p.T300A","2q37.1",.,"0.4563","0.395966","0.5368",0.4578,0.3272,0.2130,0.3330,0.4387,0.5225,0.4989,0.5207,"rs2241880",0.744,T,0.001,B,0.005,B,0.070,N,1.000,P,-0.255,N,1.71,T,-0.1,N,0.192,-1.294,0.005,0.711,0.034,N,-1.007,T,0.000,T,0.707,0,-11.4,0.126,1.199,0.991,0.992,12.660
16,50745926,50745926,C,T,"exonic","NOD2",.,"nonsynonymous SNV","NOD2:NM_001293557:exon3:c.C2023T:p.R675W;NOD2:NM_022162:exon4:c.C2104T:p.R702W","16q12.1",.,"0.0316","0.014377","0.0507",0.0227,0.0076,0.0177,0,0.0200,0.0349,0.0191,0.0004,"rs2066844",0.001,D,0.999,D,0.901,P,0.993,N,1.000,N,2.32,M,-0.62,T,-3.29,D,0.219,4.356,24.1,0.999,0.205,N,-0.855,T,0.138,T,0.672,0,3.66,0.871,0.067,0.021,0.472,6.914
16,50756540,50756540,G,C,"exonic","NOD2",.,"nonsynonymous SNV","NOD2:NM_001293557:exon7:c.G2641C:p.G881R;NOD2:NM_022162:exon8:c.G2722C:p.G908R","16q12.1",.,"0.0102","0.00459265","0.0099",0.0099,0.0013,0.0071,0,0.0026,0.0141,0.0154,0.0083,"rs2066845",0.0,D,1.0,D,0.986,D,0.000,D,1.000,D,1.79,L,0.57,T,-5.82,D,0.94,6.547,31,0.999,0.937,D,-0.696,T,0.138,T,0.563,0,5.91,0.917,1.048,0.996,1.000,15.796
16,50763778,50763778,-,C,"exonic","NOD2",.,"frameshift insertion","NOD2:NM_001293557:exon10:c.2936dupC:p.A979fs;NOD2:NM_022162:exon11:c.3017dupC:p.A1006fs","16q12.1",.,"0.0162","0.00599042","0.0139",0.0131,0.0027,0.0068,0.0005,0.0148,0.0202,0.0055,0.0015,"rs2066847",.,.,.,.,.,.,.,.,.,.,.,.,.,.,.,.,.,.,.,.,.,.,.,.,.,.,.,.,.,.,.,.,.,.
13,20763686,20763686,G,-,"exonic","GJB2",.,"frameshift deletion","GJB2:NM_004004:exon2:c.35delG:p.G12fs","13q12.11",.,"0.0074","0.00239617","0.0089",0.0060,0.0013,0.0041,0,0.0103,0.0088,0.0088,0.0007,"rs80338939",.,.,.,.,.,.,.,.,.,.,.,.,.,.,.,.,.,.,.,.,.,.,.,.,.,.,.,.,.,.,.,.,.,.
13,20797176,21105944,0,-,"exonic","CRYL1;GJB6",.,"frameshift deletion","GJB6:NM_001110220:wholegene;GJB6:NM_001110221:wholegene;GJB6:NM_006783:wholegene;GJB6:NM_001110219:wholegene;CRYL1:NM_015974:wholegene","13q12.11",.,.,.,.,.,.,.,.,.,.,.,.,.,.,.,.,.,.,.,.,.,.,.,.,.,.,.,.,.,.,.,.,.,.,.,.,.,.,.,.,.,.,.,.,.,.,.
